{
  "model_name": "GCN",
  "n_trials": 100,
  "max_epochs": 10,
  "opt_subset_size": 0.1,
  "reduction_factor": 3,
  "best_score": 0.7168194744356733,
  "best_config": {
    "model_name": "GCN",
    "config_name": "GCN_hyperband_trial_6",
    "graph_layers": 5,
    "graph_hidden_channels": 32,
    "graph_dropouts": 0.49080885955349585,
    "graph_norm": true,
    "pred_layers": 3,
    "pred_hidden_channels": 32,
    "pred_dropouts": 0.5657458223475115,
    "batch_size": 64,
    "lr": 0.008228984573308165,
    "subset_size": 0.1,
    "loss": "crossentropy"
  },
  "test_results": {
    "acc_target": 0.6298200514138818,
    "prec_target": 0.6135122729682068,
    "recall_target": 0.6298200514138818,
    "f1_target": 0.5734787587434403,
    "mcc_target": 0.1508544994710484,
    "spec_target": 0.20394736842105263,
    "macro_f1": 0.5734787587434403,
    "auc_target": 0.6349031201421276
  },
  "completed_trials": 18,
  "pruned_trials": 82,
  "brackets_info": [
    {
      "bracket": 2,
      "n_configs": 9,
      "initial_epochs": 1,
      "max_epochs": 10
    },
    {
      "bracket": 1,
      "n_configs": 5,
      "initial_epochs": 3,
      "max_epochs": 10
    },
    {
      "bracket": 0,
      "n_configs": 3,
      "initial_epochs": 10,
      "max_epochs": 10
    }
  ],
  "all_trials": [
    {
      "trial": 0,
      "val_f1": 0.5212895675752818,
      "final_epoch": 10,
      "config": {
        "model_name": "GCN",
        "config_name": "GCN_hyperband_trial_0",
        "graph_layers": 3,
        "graph_hidden_channels": 32,
        "graph_dropouts": 0.03485016730091967,
        "graph_norm": true,
        "pred_layers": 4,
        "pred_hidden_channels": 64,
        "pred_dropouts": 0.10909498032426036,
        "batch_size": 64,
        "lr": 7.476312062252303e-05,
        "subset_size": 0.1,
        "loss": "crossentropy"
      },
      "all_metrics": {
        "acc_target": 0.4948717948717949,
        "prec_target": 0.6427284535308412,
        "recall_target": 0.4948717948717949,
        "f1_target": 0.5055128103595673,
        "mcc_target": 0.11634269388477352,
        "spec_target": 0.7253218884120172,
        "macro_f1": 0.5055128103595673,
        "auc_target": 0.6350911330629025
      }
    },
    {
      "trial": 1,
      "val_f1": 0.6971198805359722,
      "final_epoch": 10,
      "config": {
        "model_name": "GCN",
        "config_name": "GCN_hyperband_trial_1",
        "graph_layers": 4,
        "graph_hidden_channels": 512,
        "graph_dropouts": 0.11980426929501584,
        "graph_norm": false,
        "pred_layers": 2,
        "pred_hidden_channels": 256,
        "pred_dropouts": 0.5793792198447356,
        "batch_size": 16,
        "lr": 0.00020914981329035596,
        "subset_size": 0.1,
        "loss": "crossentropy"
      },
      "all_metrics": {
        "acc_target": 0.6948717948717948,
        "prec_target": 0.6875840035464449,
        "recall_target": 0.6948717948717948,
        "f1_target": 0.6907693876569418,
        "mcc_target": 0.2538244752900322,
        "spec_target": 0.44635193133047213,
        "macro_f1": 0.6907693876569418,
        "auc_target": 0.6515288228417196
      }
    },
    {
      "trial": 2,
      "val_f1": 0.5781481266786467,
      "final_epoch": 10,
      "config": {
        "model_name": "GCN",
        "config_name": "GCN_hyperband_trial_2",
        "graph_layers": 2,
        "graph_hidden_channels": 128,
        "graph_dropouts": 0.18702664565364657,
        "graph_norm": false,
        "pred_layers": 2,
        "pred_hidden_channels": 32,
        "pred_dropouts": 0.3587399872866511,
        "batch_size": 16,
        "lr": 9.46217535646148e-05,
        "subset_size": 0.1,
        "loss": "crossentropy"
      },
      "all_metrics": {
        "acc_target": 0.6987179487179487,
        "prec_target": 0.4912579922220025,
        "recall_target": 0.6987179487179487,
        "f1_target": 0.576903725205612,
        "mcc_target": -0.0330909699089587,
        "spec_target": 0.0,
        "macro_f1": 0.576903725205612,
        "auc_target": 0.6060132913825705
      }
    },
    {
      "trial": 6,
      "val_f1": 0.7168194744356733,
      "final_epoch": 10,
      "config": {
        "model_name": "GCN",
        "config_name": "GCN_hyperband_trial_6",
        "graph_layers": 5,
        "graph_hidden_channels": 32,
        "graph_dropouts": 0.49080885955349585,
        "graph_norm": true,
        "pred_layers": 3,
        "pred_hidden_channels": 32,
        "pred_dropouts": 0.5657458223475115,
        "batch_size": 64,
        "lr": 0.008228984573308165,
        "subset_size": 0.1,
        "loss": "crossentropy"
      },
      "all_metrics": {
        "acc_target": 0.7102564102564103,
        "prec_target": 0.6787033814183135,
        "recall_target": 0.7102564102564103,
        "f1_target": 0.6761302939484757,
        "mcc_target": 0.21219764189662021,
        "spec_target": 0.26609442060085836,
        "macro_f1": 0.6761302939484757,
        "auc_target": 0.6271508265921805
      }
    },
    {
      "trial": 19,
      "val_f1": 0.6951915261812011,
      "final_epoch": 10,
      "config": {
        "model_name": "GCN",
        "config_name": "GCN_hyperband_trial_19",
        "graph_layers": 2,
        "graph_hidden_channels": 128,
        "graph_dropouts": 0.16922074354278388,
        "graph_norm": false,
        "pred_layers": 4,
        "pred_hidden_channels": 32,
        "pred_dropouts": 0.2044821241518107,
        "batch_size": 16,
        "lr": 0.0018349685376940496,
        "subset_size": 0.1,
        "loss": "crossentropy"
      },
      "all_metrics": {
        "acc_target": 0.7269230769230769,
        "prec_target": 0.7019917582417583,
        "recall_target": 0.7269230769230769,
        "f1_target": 0.6926333319570035,
        "mcc_target": 0.25995082066493563,
        "spec_target": 0.2832618025751073,
        "macro_f1": 0.6926333319570035,
        "auc_target": 0.6497006692768201
      }
    },
    {
      "trial": 20,
      "val_f1": 0.5781481266786467,
      "final_epoch": 10,
      "config": {
        "model_name": "GCN",
        "config_name": "GCN_hyperband_trial_20",
        "graph_layers": 2,
        "graph_hidden_channels": 32,
        "graph_dropouts": 0.23352100724049785,
        "graph_norm": false,
        "pred_layers": 2,
        "pred_hidden_channels": 128,
        "pred_dropouts": 0.37910232730187954,
        "batch_size": 128,
        "lr": 0.0018076884714446043,
        "subset_size": 0.1,
        "loss": "crossentropy"
      },
      "all_metrics": {
        "acc_target": 0.7012820512820512,
        "prec_target": 0.4917965154503615,
        "recall_target": 0.7012820512820512,
        "f1_target": 0.5781481266786467,
        "mcc_target": 0.0,
        "spec_target": 0.0,
        "macro_f1": 0.5781481266786467,
        "auc_target": 0.5998540615609136
      }
    },
    {
      "trial": 22,
      "val_f1": 0.5885854885854885,
      "final_epoch": 10,
      "config": {
        "model_name": "GCN",
        "config_name": "GCN_hyperband_trial_22",
        "graph_layers": 2,
        "graph_hidden_channels": 32,
        "graph_dropouts": 0.5916006382937226,
        "graph_norm": true,
        "pred_layers": 2,
        "pred_hidden_channels": 256,
        "pred_dropouts": 0.06671848938369081,
        "batch_size": 16,
        "lr": 2.2722376351800995e-05,
        "subset_size": 0.1,
        "loss": "crossentropy"
      },
      "all_metrics": {
        "acc_target": 0.7,
        "prec_target": 0.62575299034443,
        "recall_target": 0.7,
        "f1_target": 0.5866501962653157,
        "mcc_target": 0.0343997721733658,
        "spec_target": 0.017167381974248927,
        "macro_f1": 0.5866501962653157,
        "auc_target": 0.5515531459149006
      }
    },
    {
      "trial": 25,
      "val_f1": 0.5781481266786467,
      "final_epoch": 10,
      "config": {
        "model_name": "GCN",
        "config_name": "GCN_hyperband_trial_25",
        "graph_layers": 4,