{
  "model_name": "GINE",
  "n_trials": 100,
  "max_epochs": 10,
  "opt_subset_size": 0.1,
  "reduction_factor": 3,
  "best_score": 0.8752495189388125,
  "best_config": {
    "model_name": "GINE",
    "config_name": "GINE_hyperband_trial_1",
    "graph_layers": 4,
    "graph_hidden_channels": 512,
    "graph_dropouts": 0.11980426929501584,
    "graph_norm": false,
    "pred_layers": 2,
    "pred_hidden_channels": 256,
    "pred_dropouts": 0.5793792198447356,
    "batch_size": 16,
    "lr": 0.00020914981329035596,
    "subset_size": 0.1,
    "loss": "crossentropy"
  },
  "test_results": {
    "acc_target": 0.7892030848329049,
    "prec_target": 0.7877533758827527,
    "recall_target": 0.7892030848329049,
    "f1_target": 0.7852483750647099,
    "mcc_target": 0.5492723628468673,
    "spec_target": 0.6513157894736842,
    "macro_f1": 0.7852483750647099,
    "auc_target": 0.8429796802131913
  },
  "completed_trials": 6,
  "pruned_trials": 94,
  "brackets_info": [
    {
      "bracket": 2,
      "n_configs": 9,
      "initial_epochs": 1,
      "max_epochs": 10
    },
    {
      "bracket": 1,
      "n_configs": 5,
      "initial_epochs": 3,
      "max_epochs": 10
    },
    {
      "bracket": 0,
      "n_configs": 3,
      "initial_epochs": 10,
      "max_epochs": 10
    }
  ],
  "all_trials": [
    {
      "trial": 0,
      "val_f1": 0.5422091993829556,
      "final_epoch": 10,
      "config": {
        "model_name": "GINE",
        "config_name": "GINE_hyperband_trial_0",
        "graph_layers": 3,
        "graph_hidden_channels": 32,
        "graph_dropouts": 0.03485016730091967,
        "graph_norm": true,
        "pred_layers": 4,
        "pred_hidden_channels": 64,
        "pred_dropouts": 0.10909498032426036,
        "batch_size": 64,
        "lr": 7.476312062252303e-05,
        "subset_size": 0.1,
        "loss": "crossentropy"
      },
      "all_metrics": {
        "acc_target": 0.5256410256410257,
        "prec_target": 0.6432720540141401,
        "recall_target": 0.5256410256410257,
        "f1_target": 0.5422091993829556,
        "mcc_target": 0.12636213570961258,
        "spec_target": 0.6738197424892703,
        "macro_f1": 0.5422091993829556,
        "auc_target": 0.7075738911424783
      }
    },
    {
      "trial": 1,
      "val_f1": 0.8752495189388125,
      "final_epoch": 10,
      "config": {
        "model_name": "GINE",
        "config_name": "GINE_hyperband_trial_1",
        "graph_layers": 4,
        "graph_hidden_channels": 512,
        "graph_dropouts": 0.11980426929501584,
        "graph_norm": false,
        "pred_layers": 2,
        "pred_hidden_channels": 256,
        "pred_dropouts": 0.5793792198447356,
        "batch_size": 16,
        "lr": 0.00020914981329035596,
        "subset_size": 0.1,
        "loss": "crossentropy"
      },
      "all_metrics": {
        "acc_target": 0.8756410256410256,
        "prec_target": 0.8749399802460444,
        "recall_target": 0.8756410256410256,
        "f1_target": 0.8752495189388125,
        "mcc_target": 0.7014236571462916,
        "spec_target": 0.7811158798283262,
        "macro_f1": 0.8752495189388125,
        "auc_target": 0.8770429419933935
      }
    },
    {
      "trial": 2,
      "val_f1": 0.8289610450978433,
      "final_epoch": 10,
      "config": {
        "model_name": "GINE",
        "config_name": "GINE_hyperband_trial_2",
        "graph_layers": 2,
        "graph_hidden_channels": 128,
        "graph_dropouts": 0.18702664565364657,
        "graph_norm": false,
        "pred_layers": 2,
        "pred_hidden_channels": 32,
        "pred_dropouts": 0.3587399872866511,
        "batch_size": 16,
        "lr": 9.46217535646148e-05,
        "subset_size": 0.1,
        "loss": "crossentropy"
      },
      "all_metrics": {
        "acc_target": 0.8333333333333334,
        "prec_target": 0.8313612605356746,
        "recall_target": 0.8333333333333334,
        "f1_target": 0.8236141483564164,
        "mcc_target": 0.5808451947058123,
        "spec_target": 0.5708154506437768,
        "macro_f1": 0.8236141483564164,
        "auc_target": 0.8622372519634998
      }
    },
    {
      "trial": 4,
      "val_f1": 0.4503630856809225,
      "final_epoch": 10,
      "config": {
        "model_name": "GINE",
        "config_name": "GINE_hyperband_trial_4",
        "graph_layers": 5,
        "graph_hidden_channels": 32,
        "graph_dropouts": 0.43776370700283845,
        "graph_norm": false,
        "pred_layers": 3,
        "pred_hidden_channels": 128,
        "pred_dropouts": 0.4625803079727366,
        "batch_size": 32,
        "lr": 2.1070472806578224e-05,
        "subset_size": 0.1,
        "loss": "crossentropy"
      },
      "all_metrics": {
        "acc_target": 0.4576923076923077,
        "prec_target": 0.6594237493275955,
        "recall_target": 0.4576923076923077,
        "f1_target": 0.4501302038013815,
        "mcc_target": 0.1275290078670366,
        "spec_target": 0.8197424892703863,
        "macro_f1": 0.4501302038013815,
        "auc_target": 0.42847054946606933
      }
    },
    {
      "trial": 8,
      "val_f1": 0.8404134144169659,
      "final_epoch": 10,
      "config": {
        "model_name": "GINE",
        "config_name": "GINE_hyperband_trial_8",
        "graph_layers": 3,
        "graph_hidden_channels": 512,
        "graph_dropouts": 0.1924680389830415,
        "graph_norm": true,
        "pred_layers": 3,
        "pred_hidden_channels": 32,
        "pred_dropouts": 0.3871036742456699,
        "batch_size": 128,
        "lr": 2.5856088907313374e-05,
        "subset_size": 0.1,
        "loss": "crossentropy"
      },
      "all_metrics": {
        "acc_target": 0.8397435897435898,
        "prec_target": 0.8412310066476733,
        "recall_target": 0.8397435897435898,
        "f1_target": 0.8404134144169659,
        "mcc_target": 0.6209101608665037,
        "spec_target": 0.7467811158798283,
        "macro_f1": 0.8404134144169659,
        "auc_target": 0.8700363276867189
      }
    },
    {
      "trial": 94,
      "val_f1": 0.828244621793009,
      "final_epoch": 10,
      "config": {
        "model_name": "GINE",
        "config_name": "GINE_hyperband_trial_94",
        "graph_layers": 4,
        "graph_hidden_channels": 32,
        "graph_dropouts": 0.005598971896255978,
        "graph_norm": false,
        "pred_layers": 4,
        "pred_hidden_channels": 128,
        "pred_dropouts": 0.33305096958137176,
        "batch_size": 16,
        "lr": 0.002245822111710912,
        "subset_size": 0.1,
        "loss": "crossentropy"
      },
      "all_metrics": {
        "acc_target": 0.8307692307692308,
        "prec_target": 0.8271604445833121,
        "recall_target": 0.8307692307692308,
        "f1_target": 0.822321896815713,
        "mcc_target": 0.5749397410090327,
        "spec_target": 0.5836909871244635,
        "macro_f1": 0.822321896815713,
        "auc_target": 0.8415391013016768
      }
    }
  ]
}