{
  "model_name": "GraphSAGE",
  "n_trials": 100,
  "max_epochs": 10,
  "opt_subset_size": 0.1,
  "reduction_factor": 3,
  "best_score": 0.7918923519009727,
  "best_config": {
    "model_name": "GraphSAGE",
    "config_name": "GraphSAGE_hyperband_trial_27",
    "graph_layers": 5,
    "graph_hidden_channels": 128,
    "graph_dropouts": 0.06813455531977741,
    "graph_norm": true,
    "pred_layers": 4,
    "pred_hidden_channels": 64,
    "pred_dropouts": 0.525992161595007,
    "batch_size": 128,
    "lr": 0.0007259866824755671,
    "subset_size": 0.1,
    "loss": "crossentropy"
  },
  "test_results": {
    "acc_target": 0.7390745501285347,
    "prec_target": 0.7372331280869904,
    "recall_target": 0.7390745501285347,
    "f1_target": 0.7292920651136314,
    "mcc_target": 0.4361403898807267,
    "spec_target": 0.5328947368421053,
    "macro_f1": 0.7292920651136314,
    "auc_target": 0.7956154230512992
  },
  "completed_trials": 19,
  "pruned_trials": 81,
  "brackets_info": [
    {
      "bracket": 2,
      "n_configs": 9,
      "initial_epochs": 1,
      "max_epochs": 10
    },
    {
      "bracket": 1,
      "n_configs": 5,
      "initial_epochs": 3,
      "max_epochs": 10
    },
    {
      "bracket": 0,
      "n_configs": 3,
      "initial_epochs": 10,
      "max_epochs": 10
    }
  ],
  "all_trials": [
    {
      "trial": 0,
      "val_f1": 0.4642301472083249,
      "final_epoch": 10,
      "config": {
        "model_name": "GraphSAGE",
        "config_name": "GraphSAGE_hyperband_trial_0",
        "graph_layers": 3,
        "graph_hidden_channels": 32,
        "graph_dropouts": 0.03485016730091967,
        "graph_norm": true,
        "pred_layers": 4,
        "pred_hidden_channels": 64,
        "pred_dropouts": 0.10909498032426036,
        "batch_size": 64,
        "lr": 7.476312062252303e-05,
        "subset_size": 0.1,
        "loss": "crossentropy"
      },
      "all_metrics": {
        "acc_target": 0.46794871794871795,
        "prec_target": 0.6618429487179488,
        "recall_target": 0.46794871794871795,
        "f1_target": 0.4642301472083249,
        "mcc_target": 0.13518746626265035,
        "spec_target": 0.8111587982832618,
        "macro_f1": 0.4642301472083249,
        "auc_target": 0.5559391452401314
      }
    },
    {
      "trial": 1,
      "val_f1": 0.7330019296920883,
      "final_epoch": 10,
      "config": {
        "model_name": "GraphSAGE",
        "config_name": "GraphSAGE_hyperband_trial_1",
        "graph_layers": 4,
        "graph_hidden_channels": 512,
        "graph_dropouts": 0.11980426929501584,
        "graph_norm": false,
        "pred_layers": 2,
        "pred_hidden_channels": 256,
        "pred_dropouts": 0.5793792198447356,
        "batch_size": 16,
        "lr": 0.00020914981329035596,
        "subset_size": 0.1,
        "loss": "crossentropy"
      },
      "all_metrics": {
        "acc_target": 0.7128205128205128,
        "prec_target": 0.7107265158121122,
        "recall_target": 0.7128205128205128,
        "f1_target": 0.711730819904733,
        "mcc_target": 0.3095091946605455,
        "spec_target": 0.5064377682403434,
        "macro_f1": 0.711730819904733,
        "auc_target": 0.7212222736581116
      }
    },
    {
      "trial": 3,
      "val_f1": 0.5824044533721953,
      "final_epoch": 10,
      "config": {
        "model_name": "GraphSAGE",
        "config_name": "GraphSAGE_hyperband_trial_3",
        "graph_layers": 3,
        "graph_hidden_channels": 64,
        "graph_dropouts": 0.08455453498485759,
        "graph_norm": true,
        "pred_layers": 4,
        "pred_hidden_channels": 256,
        "pred_dropouts": 0.4241144063085703,
        "batch_size": 32,
        "lr": 2.2264204303769678e-05,
        "subset_size": 0.1,
        "loss": "crossentropy"
      },
      "all_metrics": {
        "acc_target": 0.5641025641025641,
        "prec_target": 0.6492555045211719,
        "recall_target": 0.5641025641025641,
        "f1_target": 0.5824044533721953,
        "mcc_target": 0.14797211235341448,
        "spec_target": 0.6223175965665236,
        "macro_f1": 0.5824044533721953,
        "auc_target": 0.6177275972726775
      }
    },
    {
      "trial": 4,
      "val_f1": 0.5972489091815896,
      "final_epoch": 10,
      "config": {
        "model_name": "GraphSAGE",
        "config_name": "GraphSAGE_hyperband_trial_4",
        "graph_layers": 5,
        "graph_hidden_channels": 32,
        "graph_dropouts": 0.43776370700283845,
        "graph_norm": false,
        "pred_layers": 3,
        "pred_hidden_channels": 128,
        "pred_dropouts": 0.4625803079727366,
        "batch_size": 32,
        "lr": 2.1070472806578224e-05,
        "subset_size": 0.1,
        "loss": "crossentropy"
      },
      "all_metrics": {
        "acc_target": 0.7076923076923077,
        "prec_target": 0.7280543638520293,
        "recall_target": 0.7076923076923077,
        "f1_target": 0.5972489091815896,
        "mcc_target": 0.11308546805379198,
        "spec_target": 0.030042918454935622,
        "macro_f1": 0.5972489091815896,
        "auc_target": 0.4543079301064723
      }
    },
    {
      "trial": 5,
      "val_f1": 0.7702223737269913,
      "final_epoch": 10,
      "config": {
        "model_name": "GraphSAGE",
        "config_name": "GraphSAGE_hyperband_trial_5",
        "graph_layers": 2,
        "graph_hidden_channels": 256,
        "graph_dropouts": 0.24622975382137782,
        "graph_norm": true,
        "pred_layers": 2,
        "pred_hidden_channels": 128,
        "pred_dropouts": 0.38004225390625407,
        "batch_size": 128,
        "lr": 0.0004149795789891589,
        "subset_size": 0.1,
        "loss": "crossentropy"
      },
      "all_metrics": {
        "acc_target": 0.7794871794871795,
        "prec_target": 0.7690230636572101,
        "recall_target": 0.7794871794871795,
        "f1_target": 0.7671015832062026,
        "mcc_target": 0.4369799808073905,
        "spec_target": 0.48497854077253216,
        "macro_f1": 0.7671015832062026,
        "auc_target": 0.7528697303277339
      }
    },
    {
      "trial": 13,
      "val_f1": 0.766245838747736,
      "final_epoch": 10,
      "config": {
        "model_name": "GraphSAGE",
        "config_name": "GraphSAGE_hyperband_trial_13",
        "graph_layers": 4,
        "graph_hidden_channels": 32,
        "graph_dropouts": 0.41820944459716075,
        "graph_norm": true,
        "pred_layers": 2,
        "pred_hidden_channels": 256,
        "pred_dropouts": 0.3068054393165627,
        "batch_size": 32,
        "lr": 0.0024399336035729174,
        "subset_size": 0.1,
        "loss": "crossentropy"
      },
      "all_metrics": {
        "acc_target": 0.7833333333333333,
        "prec_target": 0.7820168605456308,
        "recall_target": 0.7833333333333333,
        "f1_target": 0.7574818383222245,
        "mcc_target": 0.43573004844122515,
        "spec_target": 0.38626609442060084,
        "macro_f1": 0.7574818383222245,
        "auc_target": 0.7447175777357573
      }
    },
    {
      "trial": 16,
      "val_f1": 0.6483172019131584,
      "final_epoch": 10,
      "config": {
        "model_name": "GraphSAGE",
        "config_name": "GraphSAGE_hyperband_trial_16",
        "graph_layers": 4,
        "graph_hidden_channels": 256,
        "graph_dropouts": 0.3326124315068404,
        "graph_norm": true,
        "pred_layers": 2,
        "pred_hidden_channels": 64,
        "pred_dropouts": 0.027601585213051647,
        "batch_size": 32,
        "lr": 1.9656332139612295e-05,
        "subset_size": 0.1,
        "loss": "crossentropy"
      },
      "all_metrics": {
        "acc_target": 0.6307692307692307,
        "prec_target": 0.6795593338407357,
        "recall_target": 0.6307692307692307,
        "f1_target": 0.6449393632265055,
        "mcc_target": 0.22595101809313609,
        "spec_target": 0.6008583690987125,
        "macro_f1": 0.6449393632265055,
        "auc_target": 0.6729331272410575
      }
    },
    {
      "trial": 18,