{
  "model_name": "GAT",
  "n_trials": 1,
  "best_score": 0.8181882649925843,
  "best_config": {
    "model_name": "GAT",
    "config_name": "GAT_bayesian_trial_0",
    "graph_layers": 3,
    "graph_hidden_channels": 32,
    "graph_dropouts": 0.03485016730091967,
    "graph_norm": true,
    "pred_layers": 4,
    "pred_hidden_channels": 64,
    "pred_dropouts": 0.10909498032426036,
    "batch_size": 64,
    "lr": 7.476312062252303e-05,
    "epochs": 69,
    "loss": "crossentropy",
    "subset_size": 1.0,
    "attention_heads": 8,
    "attention_dropouts": 0.27364199053022153
  },
  "test_results": {
    "acc_target": 0.7477477477477478,
    "prec_target": 0.7466159883475453,
    "recall_target": 0.7477477477477478,
    "f1_target": 0.7383803297016595,
    "mcc_target": 0.45521099710206553,
    "spec_target": 0.7477477477477478,
    "macro_f1": 0.7383803297016595,
    "auc_target": 0.7602874211471781
  },
  "all_trials": [
    {
      "trial": 0,
      "val_f1": 0.8181882649925843,
      "config": {
        "model_name": "GAT",
        "config_name": "GAT_bayesian_trial_0",
        "graph_layers": 3,
        "graph_hidden_channels": 32,
        "graph_dropouts": 0.03485016730091967,
        "graph_norm": true,
        "pred_layers": 4,
        "pred_hidden_channels": 64,
        "pred_dropouts": 0.10909498032426036,
        "batch_size": 64,
        "lr": 7.476312062252303e-05,
        "epochs": 69,
        "loss": "crossentropy",
        "subset_size": 1.0,
        "attention_heads": 8,
        "attention_dropouts": 0.27364199053022153
      },
      "all_metrics": {
        "acc_target": 0.8192307692307692,
        "prec_target": 0.8173874911060163,
        "recall_target": 0.8192307692307692,
        "f1_target": 0.8181882649925843,
        "mcc_target": 0.5639217280837227,
        "spec_target": 0.8192307692307692,
        "macro_f1": 0.8181882649925843,
        "auc_target": 0.8512997151846592,
        "epoch": 68,
        "epoch_loss": 0.47927896587216123
      }
    }
  ]
}