{
  "model_name": "GCN",
  "n_trials": 1,
  "best_score": 0.6896060300568748,
  "best_config": {
    "model_name": "GCN",
    "config_name": "GCN_bayesian_trial_0",
    "graph_layers": 3,
    "graph_hidden_channels": 32,
    "graph_dropouts": 0.03485016730091967,
    "graph_norm": true,
    "pred_layers": 4,
    "pred_hidden_channels": 64,
    "pred_dropouts": 0.10909498032426036,
    "batch_size": 64,
    "lr": 7.476312062252303e-05,
    "epochs": 69,
    "loss": "crossentropy",
    "subset_size": 1.0
  },
  "test_results": {
    "acc_target": 0.646074646074646,
    "prec_target": 0.6320118899950833,
    "recall_target": 0.646074646074646,
    "f1_target": 0.6219555819046624,
    "mcc_target": 0.2120021976382559,
    "spec_target": 0.646074646074646,
    "macro_f1": 0.6219555819046624,
    "auc_target": 0.6343178621659634
  },
  "all_trials": [
    {
      "trial": 0,
      "val_f1": 0.6896060300568748,
      "config": {
        "model_name": "GCN",
        "config_name": "GCN_bayesian_trial_0",
        "graph_layers": 3,
        "graph_hidden_channels": 32,
        "graph_dropouts": 0.03485016730091967,
        "graph_norm": true,
        "pred_layers": 4,
        "pred_hidden_channels": 64,
        "pred_dropouts": 0.10909498032426036,
        "batch_size": 64,
        "lr": 7.476312062252303e-05,
        "epochs": 69,
        "loss": "crossentropy",
        "subset_size": 1.0
      },
      "all_metrics": {
        "acc_target": 0.7064102564102565,
        "prec_target": 0.6846556390763708,
        "recall_target": 0.7064102564102565,
        "f1_target": 0.6896060300568748,
        "mcc_target": 0.2406611515217697,
        "spec_target": 0.7064102564102565,
        "macro_f1": 0.6896060300568748,
        "auc_target": 0.5992969847235408,
        "epoch": 68,
        "epoch_loss": 0.5931420058620219
      }
    }
  ]
}