{
  "model_name": "GINE",
  "n_trials": 1,
  "best_score": 0.8782798137059534,
  "best_config": {
    "model_name": "GINE",
    "config_name": "GINE_bayesian_trial_0",
    "graph_layers": 3,
    "graph_hidden_channels": 32,
    "graph_dropouts": 0.03485016730091967,
    "graph_norm": true,
    "pred_layers": 4,
    "pred_hidden_channels": 64,
    "pred_dropouts": 0.10909498032426036,
    "batch_size": 64,
    "lr": 7.476312062252303e-05,
    "epochs": 69,
    "loss": "crossentropy",
    "subset_size": 1.0
  },
  "test_results": {
    "acc_target": 0.7516087516087516,
    "prec_target": 0.7490551416607755,
    "recall_target": 0.7516087516087516,
    "f1_target": 0.7496509076673468,
    "mcc_target": 0.4716233830424564,
    "spec_target": 0.7516087516087516,
    "macro_f1": 0.7496509076673468,
    "auc_target": 0.8237178148194566
  },
  "all_trials": [
    {
      "trial": 0,
      "val_f1": 0.8782798137059534,
      "config": {
        "model_name": "GINE",
        "config_name": "GINE_bayesian_trial_0",
        "graph_layers": 3,
        "graph_hidden_channels": 32,
        "graph_dropouts": 0.03485016730091967,
        "graph_norm": true,
        "pred_layers": 4,
        "pred_hidden_channels": 64,
        "pred_dropouts": 0.10909498032426036,
        "batch_size": 64,
        "lr": 7.476312062252303e-05,
        "epochs": 69,
        "loss": "crossentropy",
        "subset_size": 1.0
      },
      "all_metrics": {
        "acc_target": 0.8782051282051282,
        "prec_target": 0.8783577533577533,
        "recall_target": 0.8782051282051282,
        "f1_target": 0.8782798137059534,
        "mcc_target": 0.7096610160386622,
        "spec_target": 0.8782051282051282,
        "macro_f1": 0.8782798137059534,
        "auc_target": 0.9314403182399511,
        "epoch": 68,
        "epoch_loss": 0.3423265805658029
      }
    }
  ]
}